<?xml version="1.0" encoding="UTF-8"?>
<project-private xmlns="http://www.netbeans.org/ns/project-private/1">
    <editor-bookmarks xmlns="http://www.netbeans.org/ns/editor-bookmarks/2" lastBookmarkId="0"/>
    <open-files xmlns="http://www.netbeans.org/ns/projectui-open-files/2">
        <group>
            <file>file:/C:/Users/Usuario/Desktop/pryecto%20ticket%20show/src/Control/Conexion.java</file>
            <file>file:/C:/Users/Usuario/Desktop/pryecto%20ticket%20show/src/Vista/Login.java</file>
            <file>file:/C:/Users/Usuario/Desktop/pryecto%20ticket%20show/src/Vista/Menu.java</file>
            <file>file:/C:/Users/Usuario/Desktop/pryecto%20ticket%20show/src/Vista/RegistroUsuario.java</file>
        </group>
    </open-files>
</project-private>
